path,size,sha1
w31/extract/aspi2cam.sys,4112,4ce4c8e02ee99fece9a40266b4ec1dd4af44ab79
w31/extract/bwcc.dll,164928,1bab46679ca74ff630fed673cb8034d7e81745ee
w31/extract/dcam950.exe,34625,4363826636284745319b8ac3ffeb71d23245d3ab
w31/extract/mdcache.exe,55956,6f0f84524d86da3b1b7e8b4570f3fcdc5a126628
w31/extract/mdformat.exe,109956,a630bfd9c87bf9721d5c29a182b21c809f67c060
w31/extract/mdfsck.exe,65327,75db20f6700c4acf5e24349c592e4790c98bef59
w31/extract/mdfsex.exe,47518,a3039ca82aae67ff0dc731d0c0df736870e14bd9
w31/extract/mdmgr.exe,13394,8bf42657727a819adaf38a6f94a4b428b942f8cd
w31/extract/mdplay.exe,62096,af2d90d60cfb2a51f30ee6ea8601b17996d47ea4
w31/extract/mdtool.dll,18944,a1d0cd494c765c099015b3045118c8229fd0e51b
w31/extract/read.me,12930,8a548ffb0baf5551bec74418655af5a9a56b8696
w31/extract/wmdfmt.exe,310272,1e95153857d8fa43ae8d8e4970134908db688dbf
w31/extract/wmdplay.exe,345600,1668cd04f6caceae008bee8963ad033f1ae41c22
w95/extract/us/mdfmt.exe,182784,5f6e68cbdf3ba1af7b193d15d2540473b7b3956f
w95/extract/us/mdfmt.hlp,9724,d45b48fc7c7669b8289443d7e0e779f59b28baa8
w95/extract/us/mdfschk.exe,303616,dc12cf36b14f1a2953d280d27425d8e3bf954078
w95/extract/us/mdfschk.hlp,10481,1f9b4a18df6df95eb7c1837937dd673e3fdeaf66
w95/extract/us/mdfsd.vxd,79530,ebd4c5f887f1081461d9720a95afb25074f9fdda
w95/extract/us/mdh10.inf,845,80d7f5fc1fd3ae241e7e1b6ed6184cd0593f1483
w95/extract/us/mdhlp.vxd,11406,5a8e0363c93110c4f9cb0bbb13236d7d243fd24b
w95/extract/us/mdm110.inf,844,55e4cf3c89535451d5bee6158227400f6884354c
w95/extract/us/mdm111.inf,846,66c83f5cd4fe9418b6c52b538c1c57699fe72e1f
w95/extract/us/mdmgr.vxd,21155,1ace191b10bb9c6ebed8e048b7e6d7fff5aea00d
w95/extract/us/mdplayer.exe,195584,6ac45a2c0a69b79a82f967a3a1b1404647382a09
w95/extract/us/readme.wri,54272,270782ed2b327dbfd192d046de8d367dbe290c1a
